picture;condition;sentence;type_change;changed_to;sentence_gender;picture_gender;sentence_id
TS_astronauten_seilspringen_brunnen_frauen.jpg;Target;Die Astronauten springen Seil vor dem Brunnen.;;;gen_masc;women;1
TS_astronauten_seilspringen_brunnen_männer.jpg;Target;Die Astronauten springen Seil vor dem Brunnen.;;;gen_masc;men;1
TS_astronauten_seilspringen_brunnen_gemischt.jpg;Target;Die Astronauten springen Seil vor dem Brunnen.;;;gen_masc;mixed;1
TS_astronauten_seilspringen_brunnen_frauen.jpg;Target;Die Astronaut*innen springen Seil vor dem Brunnen.;;;gen_star;women;1
TS_astronauten_seilspringen_brunnen_männer.jpg;Target;Die Astronaut*innen springen Seil vor dem Brunnen.;;;gen_star;men;1
TS_astronauten_seilspringen_brunnen_gemischt.jpg;Target;Die Astronaut*innen springen Seil vor dem Brunnen.;;;gen_star;mixed;1
TS_kellner_laufen_flugzeug_frauen.jpg;Target;Die Kellner laufen durch das Flugzeug.;;;gen_masc;women;2
TS_kellner_laufen_flugzeug_männer.jpg;Target;Die Kellner laufen durch das Flugzeug.;;;gen_masc;men;2
TS_kellner_laufen_flugzeug_gemischt.jpg;Target;Die Kellner laufen durch das Flugzeug.;;;gen_masc;mixed;2
TS_kellner_laufen_flugzeug_frauen.jpg;Target;Die Kellner*innen laufen durch das Flugzeug.;;;gen_star;women;2
TS_kellner_laufen_flugzeug_männer.jpg;Target;Die Kellner*innen laufen durch das Flugzeug.;;;gen_star;men;2
TS_kellner_laufen_flugzeug_gemischt.jpg;Target;Die Kellner*innen laufen durch das Flugzeug.;;;gen_star;mixed;2
TS_kellner_schach_zoo_frauen.jpg;Target;Die Kellner spielen Schach im Zoo.;;;gen_masc;women;3
TS_kellner_schach_zoo_männer.jpg;Target;Die Kellner spielen Schach im Zoo.;;;gen_masc;men;3
TS_kellner_schach_zoo_gemischt.jpg;Target;Die Kellner spielen Schach im Zoo.;;;gen_masc;mixed;3
TS_kellner_schach_zoo_frauen.jpg;Target;Die Kellner*innen spielen Schach im Zoo.;;;gen_star;women;3
TS_kellner_schach_zoo_männer.jpg;Target;Die Kellner*innen spielen Schach im Zoo.;;;gen_star;men;3
TS_kellner_schach_zoo_gemischt.jpg;Target;Die Kellner*innen spielen Schach im Zoo.;;;gen_star;mixed;3
TS_kellner_seilspringen_bibliothek_frauen.jpg;Target;Die Kellner springen Seil in der Bibliothek.;;;gen_masc;women;4
TS_kellner_seilspringen_bibliothek_männer.jpg;Target;Die Kellner springen Seil in der Bibliothek.;;;gen_masc;men;4
TS_kellner_seilspringen_bibliothek_gemischt.jpg;Target;Die Kellner springen Seil in der Bibliothek.;;;gen_masc;mixed;4
TS_kellner_seilspringen_bibliothek_frauen.jpg;Target;Die Kellner*innen springen Seil in der Bibliothek.;;;gen_star;women;4
TS_kellner_seilspringen_bibliothek_männer.jpg;Target;Die Kellner*innen springen Seil in der Bibliothek.;;;gen_star;men;4
TS_kellner_seilspringen_bibliothek_gemischt.jpg;Target;Die Kellner*innen springen Seil in der Bibliothek.;;;gen_star;mixed;4
TS_kinobesucher_lesen_burg_frauen.jpg;Target;Die Kinobesucher lesen in der Burg.;;;gen_masc;women;5
TS_kinobesucher_lesen_burg_männer.jpg;Target;Die Kinobesucher lesen in der Burg.;;;gen_masc;men;5
TS_kinobesucher_lesen_burg_gemischt.jpg;Target;Die Kinobesucher lesen in der Burg.;;;gen_masc;mixed;5
TS_kinobesucher_lesen_burg_frauen.jpg;Target;Die Kinobesucher*innen lesen in der Burg.;;;gen_star;women;5
TS_kinobesucher_lesen_burg_männer.jpg;Target;Die Kinobesucher*innen lesen in der Burg.;;;gen_star;men;5
TS_kinobesucher_lesen_burg_gemischt.jpg;Target;Die Kinobesucher*innen lesen in der Burg.;;;gen_star;mixed;5
TS_köche_liegen_vulkan_frauen.jpg;Target;Die Köche vor einem Vulkan.;;;gen_masc;women;6
TS_köche_liegen_vulkan_männer.jpg;Target;Die Köche vor einem Vulkan.;;;gen_masc;men;6
TS_köche_liegen_vulkan_gemischt.jpg;Target;Die Köche vor einem Vulkan.;;;gen_masc;mixed;6
TS_köche_liegen_vulkan_frauen.jpg;Target;Die Köch*innen liegen vor einem Vulkan.;;;gen_star;women;6
TS_köche_liegen_vulkan_männer.jpg;Target;Die Köch*innen liegen vor einem Vulkan.;;;gen_star;men;6
TS_köche_liegen_vulkan_gemischt.jpg;Target;Die Köch*innen liegen vor einem Vulkan.;;;gen_star;mixed;6
TS_laborassistenten_schach_vulkan_frauen.jpg;Target;Die Laborassistenten spielen Schach vor einem Vulkan.;;;gen_masc;women;7
TS_laborassistenten_schach_vulkan_männer.jpg;Target;Die Laborassistenten spielen Schach vor einem Vulkan.;;;gen_masc;men;7
TS_laborassistenten_schach_vulkan_gemischt.jpg;Target;Die Laborassistenten spielen Schach vor einem Vulkan.;;;gen_masc;mixed;7
TS_laborassistenten_schach_vulkan_frauen.jpg;Target;Die Laborassistent*innen spielen Schach vor einem Vulkan.;;;gen_star;women;7
TS_laborassistenten_schach_vulkan_männer.jpg;Target;Die Laborassistent*innen spielen Schach vor einem Vulkan.;;;gen_star;men;7
TS_laborassistenten_schach_vulkan_gemischt.jpg;Target;Die Laborassistent*innen spielen Schach vor einem Vulkan.;;;gen_star;mixed;7
TS_laborassistenten_seilspringen_burg_frauen.jpg;Target;Die Laborassistenten springen Seil vor einer Burg.;;;gen_masc;women;8
TS_laborassistenten_seilspringen_burg_männer.jpg;Target;Die Laborassistenten springen Seil vor einer Burg.;;;gen_masc;men;8
TS_laborassistenten_seilspringen_burg_gemischt.jpg;Target;Die Laborassistenten springen Seil vor einer Burg.;;;gen_masc;mixed;8
TS_laborassistenten_seilspringen_burg_frauen.jpg;Target;Die Laborassistent*innen springen Seil vor einer Burg.;;;gen_star;women;8
TS_laborassistenten_seilspringen_burg_männer.jpg;Target;Die Laborassistent*innen springen Seil vor einer Burg.;;;gen_star;men;8
TS_laborassistenten_seilspringen_burg_gemischt.jpg;Target;Die Laborassistent*innen springen Seil vor einer Burg.;;;gen_star;mixed;8
TS_laborassistenten_sitzen_flugzeug_frauen.jpg;Target;Die Laborassistenten sitzen im Flugzeug.;;;gen_masc;women;9
TS_laborassistenten_sitzen_flugzeug_männer.jpg;Target;Die Laborassistenten sitzen im Flugzeug.;;;gen_masc;men;9
TS_laborassistenten_sitzen_flugzeug_gemischt.jpg;Target;Die Laborassistenten sitzen im Flugzeug.;;;gen_masc;mixed;9
TS_laborassistenten_sitzen_flugzeug_frauen.jpg;Target;Die Laborassistent*innen sitzen im Flugzeug.;;;gen_star;women;9
TS_laborassistenten_sitzen_flugzeug_männer.jpg;Target;Die Laborassistent*innen sitzen im Flugzeug.;;;gen_star;men;9
TS_laborassistenten_sitzen_flugzeug_gemischt.jpg;Target;Die Laborassistent*innen sitzen im Flugzeug.;;;gen_star;mixed;9
TS_maler_seilspringen_bahnhof_frauen.jpg;Target;Die Maler springen Seil im Bahnhof.;;;gen_masc;women;10
TS_maler_seilspringen_bahnhof_männer.jpg;Target;Die Maler springen Seil im Bahnhof.;;;gen_masc;men;10
TS_maler_seilspringen_bahnhof_gemischt.jpg;Target;Die Maler springen Seil im Bahnhof.;;;gen_masc;mixed;10
TS_maler_seilspringen_bahnhof_frauen.jpg;Target;Die Maler*innen springen Seil im Bahnhof.;;;gen_star;women;10
TS_maler_seilspringen_bahnhof_männer.jpg;Target;Die Maler*innen springen Seil im Bahnhof.;;;gen_star;men;10
TS_maler_seilspringen_bahnhof_gemischt.jpg;Target;Die Maler*innen springen Seil im Bahnhof.;;;gen_star;mixed;10
TS_musiker_kaffeetrinken_zug_frauen.jpg;Target;Die Musiker trinken Kaffee im Zug.;;;gen_masc;women;11
TS_musiker_kaffeetrinken_zug_männer.jpg;Target;Die Musiker trinken Kaffee im Zug.;;;gen_masc;men;11
TS_musiker_kaffeetrinken_zug_gemischt.jpg;Target;Die Musiker trinken Kaffee im Zug.;;;gen_masc;mixed;11
TS_musiker_kaffeetrinken_zug_frauen.jpg;Target;Die Musiker*innen trinken Kaffee im Zug.;;;gen_star;women;11
TS_musiker_kaffeetrinken_zug_männer.jpg;Target;Die Musiker*innen trinken Kaffee im Zug.;;;gen_star;men;11
TS_musiker_kaffeetrinken_zug_gemischt.jpg;Target;Die Musiker*innen trinken Kaffee im Zug.;;;gen_star;mixed;11
TS_schwimmer_essen_bibliothek_frauen.jpg;Target;Die Schwimmer essen in der Bibliothek.;;;gen_masc;women;12
TS_schwimmer_essen_bibliothek_männer.jpg;Target;Die Schwimmer essen in der Bibliothek.;;;gen_masc;men;12
TS_schwimmer_essen_bibliothek_gemischt.jpg;Target;Die Schwimmer essen in der Bibliothek.;;;gen_masc;mixed;12
TS_schwimmer_essen_bibliothek_frauen.jpg;Target;Die Schwimmer*innen essen in der Bibliothek.;;;gen_star;women;12
TS_schwimmer_essen_bibliothek_männer.jpg;Target;Die Schwimmer*innen essen in der Bibliothek.;;;gen_star;men;12
TS_schwimmer_essen_bibliothek_gemischt.jpg;Target;Die Schwimmer*innen essen in der Bibliothek.;;;gen_star;mixed;12
TS_sportler_boxen_zoo_frauen.jpg;Target;Die Sportler boxen im Zoo.;;;gen_masc;women;13
TS_sportler_boxen_zoo_männer.jpg;Target;Die Sportler boxen im Zoo.;;;gen_masc;men;13
TS_sportler_boxen_zoo_gemischt.jpg;Target;Die Sportler boxen im Zoo.;;;gen_masc;mixed;13
TS_sportler_boxen_zoo_frauen.jpg;Target;Die Sportler*innen boxen im Zoo.;;;gen_star;women;13
TS_sportler_boxen_zoo_männer.jpg;Target;Die Sportler*innen boxen im Zoo.;;;gen_star;men;13
TS_sportler_boxen_zoo_gemischt.jpg;Target;Die Sportler*innen boxen im Zoo.;;;gen_star;mixed;13
TS_sportler_laufen_brunnen_frauen.jpg;Target;Die Sportler laufen vor dem Brunnen.;;;gen_masc;women;14
TS_sportler_laufen_brunnen_männer.jpg;Target;Die Sportler laufen vor dem Brunnen.;;;gen_masc;men;14
TS_sportler_laufen_brunnen_gemischt.jpg;Target;Die Sportler laufen vor dem Brunnen.;;;gen_masc;mixed;14
TS_sportler_laufen_brunnen_frauen.jpg;Target;Die Sportler*innen laufen vor dem Brunnen.;;;gen_star;women;14
TS_sportler_laufen_brunnen_männer.jpg;Target;Die Sportler*innen laufen vor dem Brunnen.;;;gen_star;men;14
TS_sportler_laufen_brunnen_gemischt.jpg;Target;Die Sportler*innen laufen vor dem Brunnen.;;;gen_star;mixed;14
TS_sportler_seilspringen_flugzeug_frauen.jpg;Target;Die Sportler springen Seil vor einem Flugzeug.;;;gen_masc;women;15
TS_sportler_seilspringen_flugzeug_männer.jpg;Target;Die Sportler springen Seil vor einem Flugzeug.;;;gen_masc;men;15
TS_sportler_seilspringen_flugzeug_gemischt.jpg;Target;Die Sportler springen Seil vor einem Flugzeug.;;;gen_masc;mixed;15
TS_sportler_seilspringen_flugzeug_frauen.jpg;Target;Die Sportler*innen springen Seil vor einem Flugzeug.;;;gen_star;women;15
TS_sportler_seilspringen_flugzeug_männer.jpg;Target;Die Sportler*innen springen Seil vor einem Flugzeug.;;;gen_star;men;15
TS_sportler_seilspringen_flugzeug_gemischt.jpg;Target;Die Sportler*innen springen Seil vor einem Flugzeug.;;;gen_star;mixed;15
TS_sportler_boxen_vulkan_frauen.jpg;Target;Die Sportler boxen vor einem Vulkan.;;;gen_masc;women;16
TS_sportler_boxen_vulkan_männer.jpg;Target;Die Sportler boxen vor einem Vulkan.;;;gen_masc;men;16
TS_sportler_boxen_vulkan_gemischt.jpg;Target;Die Sportler boxen vor einem Vulkan.;;;gen_masc;mixed;16
TS_sportler_boxen_vulkan_frauen.jpg;Target;Die Sportler*innen boxen vor einem Vulkan.;;;gen_star;women;16
TS_sportler_boxen_vulkan_männer.jpg;Target;Die Sportler*innen boxen vor einem Vulkan.;;;gen_star;men;16
TS_sportler_boxen_vulkan_gemischt.jpg;Target;Die Sportler*innen boxen vor einem Vulkan.;;;gen_star;mixed;16
TS_musiker_kaffeetrinken_bibliothek_frauen.jpg;Target;Die Musiker trinken Kaffee in der Bibliothek.;;;gen_masc;women;17
TS_musiker_kaffeetrinken_bibliothek_männer.jpg;Target;Die Musiker trinken Kaffee in der Bibliothek.;;;gen_masc;men;17
TS_musiker_kaffeetrinken_bibliothek_gemischt.jpg;Target;Die Musiker trinken Kaffee in der Bibliothek.;;;gen_masc;mixed;17
TS_musiker_kaffeetrinken_bibliothek_frauen.jpg;Target;Die Musiker*innen trinken Kaffee in der Bibliothek.;;;gen_star;women;17
TS_musiker_kaffeetrinken_bibliothek_männer.jpg;Target;Die Musiker*innen trinken Kaffee in der Bibliothek.;;;gen_star;men;17
TS_musiker_kaffeetrinken_bibliothek_gemischt.jpg;Target;Die Musiker*innen trinken Kaffee in der Bibliothek.;;;gen_star;mixed;17
TS_laborassistenten_lesen_zug_frauen.jpg;Target;Die Laborassistenten lesen im Zug.;;;gen_masc;women;18
TS_laborassistenten_lesen_zug_männer.jpg;Target;Die Laborassistenten lesen im Zug.;;;gen_masc;men;18
TS_laborassistenten_lesen_zug_gemischt.jpg;Target;Die Laborassistenten lesen im Zug.;;;gen_masc;mixed;18
TS_laborassistenten_lesen_zug_frauen.jpg;Target;Die Laborassistent*innen lesen im Zug.;;;gen_star;women;18
TS_laborassistenten_lesen_zug_männer.jpg;Target;Die Laborassistent*innen lesen im Zug.;;;gen_star;men;18
TS_laborassistenten_lesen_zug_gemischt.jpg;Target;Die Laborassistent*innen lesen im Zug.;;;gen_star;mixed;18
TS_köche_sitzen_bibliothek_frauen.jpg;Target;Die Köche sitzen in der Bibliothek.;;;gen_masc;women;19
TS_köche_sitzen_bibliothek_männer.jpg;Target;Die Köche sitzen in der Bibliothek.;;;gen_masc;men;19
TS_köche_sitzen_bibliothek_gemischt.jpg;Target;Die Köche sitzen in der Bibliothek.;;;gen_masc;mixed;19
TS_köche_sitzen_bibliothek_frauen.jpg;Target;Die Köch*innen sitzen in der Bibliothek.;;;gen_star;women;19
TS_köche_sitzen_bibliothek_männer.jpg;Target;Die Köch*innen sitzen in der Bibliothek.;;;gen_star;men;19
TS_köche_sitzen_bibliothek_gemischt.jpg;Target;Die Köch*innen sitzen in der Bibliothek.;;;gen_star;mixed;19
TS_schwimmer_liegen_zug_frauen.jpg;Target;Die Schwimmer liegen im Zug.;;;gen_masc;women;20
TS_schwimmer_liegen_zug_männer.jpg;Target;Die Schwimmer liegen im Zug.;;;gen_masc;men;20
TS_schwimmer_liegen_zug_gemischt.jpg;Target;Die Schwimmer liegen im Zug.;;;gen_masc;mixed;20
TS_schwimmer_liegen_zug_frauen.jpg;Target;Die Schwimmer*innen liegen im Zug.;;;gen_star;women;20
TS_schwimmer_liegen_zug_männer.jpg;Target;Die Schwimmer*innen liegen im Zug.;;;gen_star;men;20
TS_schwimmer_liegen_zug_gemischt.jpg;Target;Die Schwimmer*innen liegen im Zug.;;;gen_star;mixed;20
TS_musiker_essen_burg_frauen.jpg;Target;Die Musiker essen in der Burg.;;;gen_masc;women;21
TS_musiker_essen_burg_männer.jpg;Target;Die Musiker essen in der Burg.;;;gen_masc;men;21
TS_musiker_essen_burg_gemischt.jpg;Target;Die Musiker essen in der Burg.;;;gen_masc;mixed;21
TS_musiker_essen_burg_frauen.jpg;Target;Die Musiker*innen essen in der Burg.;;;gen_star;women;21
TS_musiker_essen_burg_männer.jpg;Target;Die Musiker*innen essen in der Burg.;;;gen_star;men;21
TS_musiker_essen_burg_gemischt.jpg;Target;Die Musiker*innen essen in der Burg.;;;gen_star;mixed;21
TS_kinobesucher_kaffeetrinken_bahnhof_frauen.jpg;Target;Die Kinobesucher trinken Kaffee im Bahnhof.;;;gen_masc;women;22
TS_kinobesucher_kaffeetrinken_bahnhof_männer.jpg;Target;Die Kinobesucher trinken Kaffee im Bahnhof.;;;gen_masc;men;22
TS_kinobesucher_kaffeetrinken_bahnhof_gemischt.jpg;Target;Die Kinobesucher trinken Kaffee im Bahnhof.;;;gen_masc;mixed;22
TS_kinobesucher_kaffeetrinken_bahnhof_ frauen.jpg;Target;Die Kinobesucher*innen trinken Kaffee im Bahnhof.;;;gen_star;women;22
TS_kinobesucher_kaffeetrinken_bahnhof_männer.jpg;Target;Die Kinobesucher*innen trinken Kaffee im Bahnhof.;;;gen_star;men;22
TS_kinobesucher_kaffeetrinken_bahnhof_gemischt.jpg;Target;Die Kinobesucher*innen trinken Kaffee im Bahnhof.;;;gen_star;mixed;22
TS_maler_lesen_supermarkt_frauen.jpg;Target;Die Maler lesen im Supermarkt.;;;gen_masc;women;23
TS_maler_lesen_supermarkt_männer.jpg;Target;Die Maler lesen im Supermarkt.;;;gen_masc;men;23
TS_maler_lesen_supermarkt_gemischt.jpg;Target;Die Maler lesen im Supermarkt.;;;gen_masc;mixed;23
TS_maler_lesen_supermarkt_frauen.jpg;Target;Die Maler*innen lesen im Supermarkt.;;;gen_star;women;23
TS_maler_lesen_supermarkt_männer.jpg;Target;Die Maler*innen lesen im Supermarkt.;;;gen_star;men;23
TS_maler_lesen_supermarkt_gemischt.jpg;Target;Die Maler*innen lesen im Supermarkt.;;;gen_star;mixed;23
TS_astronauten_lesen_zoo_frauen.jpg;Target;Die Astronauten lesen im Zoo.;;;gen_masc;women;24
TS_astronauten_lesen_zoo_männer.jpg;Target;Die Astronauten lesen im Zoo.;;;gen_masc;men;24
TS_astronauten_lesen_zoo_gemischt.jpg;Target;Die Astronauten lesen im Zoo.;;;gen_masc;mixed;24
TS_astronauten_lesen_zoo_frauen.jpg;Target;Die Astronaut*innen lesen im Zoo.;;;gen_star;women;24
TS_astronauten_lesen_zoo_männer.jpg;Target;Die Astronaut*innen lesen im Zoo.;;;gen_star;men;24
TS_astronauten_lesen_zoo_gemischt.jpg;Target;Die Astronaut*innen lesen im Zoo.;;;gen_star;mixed;24
TS_kellner_boxen_vulkan_frauen.jpg;Target;Die Kellner boxen vor dem Vulkan.;;;gen_masc;women;25
TS_kellner_boxen_vulkan_männer.jpg;Target;Die Kellner boxen vor dem Vulkan.;;;gen_masc;men;25
TS_kellner_boxen_vulkan_gemischt.jpg;Target;Die Kellner boxen vor dem Vulkan.;;;gen_masc;mixed;25
TS_kellner_boxen_vulkan_frauen.jpg;Target;Die Kellner*innen boxen vor dem Vulkan.;;;gen_star;women;25
TS_kellner_boxen_vulkan_männer.jpg;Target;Die Kellner*innen boxen vor dem Vulkan.;;;gen_star;men;25
TS_kellner_boxen_vulkan_gemischt.jpg;Target;Die Kellner*innen boxen vor dem Vulkan.;;;gen_star;mixed;25
TS_laborassistenten_laufen_bibliothek_frauen.jpg;Target;Die Laborassistenten laufen durch die Bibliothek.;;;gen_masc;women;26
TS_laborassistenten_laufen_bibliothek_männer.jpg;Target;Die Laborassistenten laufen durch die Bibliothek.;;;gen_masc;men;26
TS_laborassistenten_laufen_bibliothek_gemischt.jpg;Target;Die Laborassistenten laufen durch die Bibliothek.;;;gen_masc;mixed;26
TS_laborassistenten_laufen_bibliothek_frauen.jpg;Target;Die Laborassistent*innen laufen durch die Bibliothek.;;;gen_star;women;26
TS_laborassistenten_laufen_bibliothek_männer.jpg;Target;Die Laborassistent*innen laufen durch die Bibliothek.;;;gen_star;men;26
TS_laborassistenten_laufen_bibliothek_gemischt.jpg;Target;Die Laborassistent*innen laufen durch die Bibliothek.;;;gen_star;mixed;26
TS_köche_schachspielen_zug_frauen.jpg;Target;Die Köche spielen Schach im Zug.;;;gen_masc;women;27
TS_köche_schachspielen_zug_männer.jpg;Target;Die Köche spielen Schach im Zug.;;;gen_masc;men;27
TS_köche_schachspielen_zug_gemischt.jpg;Target;Die Köche spielen Schach im Zug.;;;gen_masc;mixed;27
TS_köche_schachspielen_zug_frauen.jpg;Target;Die Köch*innen spielen Schach im Zug.;;;gen_star;women;27
TS_köche_schachspielen_zug_männer.jpg;Target;Die Köch*innen spielen Schach im Zug.;;;gen_star;men;27
TS_köche_schachspielen_zug_gemischt.jpg;Target;Die Köch*innen spielen Schach im Zug.;;;gen_star;mixed;27
TS_schwimmer_sitzen_burg_frauen.jpg;Target;Die Schwimmer sitzen in der Burg.;;;gen_masc;women;28
TS_schwimmer_sitzen_burg_männer.jpg;Target;Die Schwimmer sitzen in der Burg.;;;gen_masc;men;28
TS_schwimmer_sitzen_burg_gemischt.jpg;Target;Die Schwimmer sitzen in der Burg.;;;gen_masc;mixed;28
TS_schwimmer_sitzen_burg_frauen.jpg;Target;Die Schwimmer*innen sitzen in der Burg.;;;gen_star;women;28
TS_schwimmer_sitzen_burg_männer.jpg;Target;Die Schwimmer*innen sitzen in der Burg.;;;gen_star;men;28
TS_schwimmer_sitzen_burg_gemischt.jpg;Target;Die Schwimmer*innen sitzen in der Burg.;;;gen_star;mixed;28
TS_musiker_liegen_bahnhof_frauen.jpg;Target;Die Musiker liegen im Bahnhof.;;;gen_masc;women;29
TS_musiker_liegen_bahnhof_männer.jpg;Target;Die Musiker liegen im Bahnhof.;;;gen_masc;men;29
TS_musiker_liegen_bahnhof_gemischt.jpg;Target;Die Musiker liegen im Bahnhof.;;;gen_masc;mixed;29
TS_musiker_liegen_bahnhof_frauen.jpg;Target;Die Musiker*innen liegen im Bahnhof.;;;gen_star;women;29
TS_musiker_liegen_bahnhof_männer.jpg;Target;Die Musiker*innen liegen im Bahnhof.;;;gen_star;men;29
TS_musiker_liegen_bahnhof_gemischt.jpg;Target;Die Musiker*innen liegen im Bahnhof.;;;gen_star;mixed;29
TS_kinobesucher_essen_supermarkt_frauen.jpg;Target;Die Kinobesucher essen im Supermarkt.;;;gen_masc;women;30
TS_kinobesucher_essen_supermarkt_männer.jpg;Target;Die Kinobesucher essen im Supermarkt.;;;gen_masc;men;30
TS_kinobesucher_essen_supermarkt_gemischt.jpg;Target;Die Kinobesucher essen im Supermarkt.;;;gen_masc;mixed;30
TS_kinobesucher_essen_supermarkt_frauen.jpg;Target;Die Kinobesucher*innen essen im Supermarkt.;;;gen_star;women;30
TS_kinobesucher_essen_supermarkt_männer.jpg;Target;Die Kinobesucher*innen essen im Supermarkt.;;;gen_star;men;30
TS_kinobesucher_essen_supermarkt_gemischt.jpg;Target;Die Kinobesucher*innen essen im Supermarkt.;;;gen_star;mixed;30
TS_maler_kaffeetrinken_brunnen_frauen.jpg;Target;Die Maler trinken Kaffee vor dem Brunnen.;;;gen_masc;women;31
TS_maler_kaffeetrinken_brunnen_männer.jpg;Target;Die Maler trinken Kaffee vor dem Brunnen.;;;gen_masc;men;31
TS_maler_kaffeetrinken_brunnen_gemischt.jpg;Target;Die Maler trinken Kaffee vor dem Brunnen.;;;gen_masc;mixed;31
TS_maler_kaffeetrinken_brunnen_frauen.jpg;Target;Die Maler*innen trinken Kaffee vor dem Brunnen.;;;gen_star;women;31
TS_maler_kaffeetrinken_brunnen_männer.jpg;Target;Die Maler*innen trinken Kaffee vor dem Brunnen.;;;gen_star;men;31
TS_maler_kaffeetrinken_brunnen_gemischt.jpg;Target;Die Maler*innen trinken Kaffee vor dem Brunnen.;;;gen_star;mixed;31
TS_astronauten_essen_vulkan_frauen.jpg;Target;Die Astronauten essen vor dem Vulkan.;;;gen_masc;women;32
TS_astronauten_essen_vulkan_männer.jpg;Target;Die Astronauten essen vor dem Vulkan.;;;gen_masc;men;32
TS_astronauten_essen_vulkan_gemischt.jpg;Target;Die Astronauten essen vor dem Vulkan.;;;gen_masc;mixed;32
TS_astronauten_essen_vulkan_frauen.jpg;Target;Die Astronaut*innen essen vor dem Vulkan.;;;gen_star;women;32
TS_astronauten_essen_vulkan_männer.jpg;Target;Die Astronaut*innen essen vor dem Vulkan.;;;gen_star;men;32
TS_astronauten_essen_vulkan_gemischt.jpg;Target;Die Astronaut*innen essen vor dem Vulkan.;;;gen_star;mixed;32
TS_astronauten_kaffeetrinken_flugzeug_frauen.jpg;Target;Die Astronauten trinken Kaffee im Flugzeug.;;;gen_masc;women;33
TS_astronauten_kaffeetrinken_flugzeug_männer.jpg;Target;Die Astronauten trinken Kaffee im Flugzeug.;;;gen_masc;men;33
TS_astronauten_kaffeetrinken_flugzeug_gemischt.jpg;Target;Die Astronauten trinken Kaffee im Flugzeug.;;;gen_masc;mixed;33
TS_astronauten_kaffeetrinken_flugzeug_frauen.jpg;Target;Die Astronaut*innen trinken Kaffee im Flugzeug.;;;gen_star;women;33
TS_astronauten_kaffeetrinken_flugzeug_männer.jpg;Target;Die Astronaut*innen trinken Kaffee im Flugzeug.;;;gen_star;men;33
TS_astronauten_kaffeetrinken_flugzeug_gemischt.jpg;Target;Die Astronaut*innen trinken Kaffee im Flugzeug.;;;gen_star;mixed;33
TS_kellner_lesen_zug_frauen.jpg;Target;Die Kellner lesen im Zug.;;;gen_masc;women;34
TS_kellner_lesen_zug_männer.jpg;Target;Die Kellner lesen im Zug.;;;gen_masc;men;34
TS_kellner_lesen_zug_gemischt.jpg;Target;Die Kellner lesen im Zug.;;;gen_masc;mixed;34
TS_kellner_lesen_zug_frauen.jpg;Target;Die Kellner*innen lesen im Zug.;;;gen_star;women;34
TS_kellner_lesen_zug_männer.jpg;Target;Die Kellner*innen lesen im Zug.;;;gen_star;men;34
TS_kellner_lesen_zug_gemischt.jpg;Target;Die Kellner*innen lesen im Zug.;;;gen_star;mixed;34
TS_kinobesucher_liegen_brunnen_frauen.jpg;Target;Die Kinobesucher liegen vor dem Brunnen.;;;gen_masc;women;35
TS_kinobesucher_liegen_brunnen_männer.jpg;Target;Die Kinobesucher liegen vor dem Brunnen.;;;gen_masc;men;35
TS_kinobesucher_liegen_brunnen_gemischt.jpg;Target;Die Kinobesucher liegen vor dem Brunnen.;;;gen_masc;mixed;35
TS_kinobesucher_liegen_brunnen_frauen.jpg;Target;Die Kinobesucher*innen liegen vor dem Brunnen.;;;gen_star;women;35
TS_kinobesucher_liegen_brunnen_männer.jpg;Target;Die Kinobesucher*innen liegen vor dem Brunnen.;;;gen_star;men;35
TS_kinobesucher_liegen_brunnen_gemischt.jpg;Target;Die Kinobesucher*innen liegen vor dem Brunnen.;;;gen_star;mixed;35
TS_köche_boxen_bahnhof_frauen.jpg;Target;Die Köche boxen im Bahnhof.;;;gen_masc;women;36
TS_köche_boxen_bahnhof_männer.jpg;Target;Die Köche boxen im Bahnhof.;;;gen_masc;men;36
TS_köche_boxen_bahnhof_gemischt.jpg;Target;Die Köche boxen im Bahnhof.;;;gen_masc;mixed;36
TS_köche_boxen_bahnhof_frauen.jpg;Target;Die Köch*innen boxen im Bahnhof.;;;gen_star;women;36
TS_köche_boxen_bahnhof_männer.jpg;Target;Die Köch*innen boxen im Bahnhof.;;;gen_star;men;36
TS_köche_boxen_bahnhof_gemischt.jpg;Target;Die Köch*innen boxen im Bahnhof.;;;gen_star;mixed;36
TS_köche_laufen_burg_frauen.jpg;Target;Die Köche laufen über die Burg.;;;gen_masc;women;37
TS_köche_laufen_burg_männer.jpg;Target;Die Köche laufen über die Burg.;;;gen_masc;men;37
TS_köche_laufen_burg_gemischt.jpg;Target;Die Köche laufen über die Burg.;;;gen_masc;mixed;37
TS_köche_laufen_burg_frauen.jpg;Target;Die Köch*innen laufen über die Burg.;;;gen_star;women;37
TS_köche_laufen_burg_männer.jpg;Target;Die Köch*innen laufen über die Burg.;;;gen_star;men;37
TS_köche_laufen_burg_gemischt.jpg;Target;Die Köch*innen laufen über die Burg.;;;gen_star;mixed;37
TS_laborassistenten_boxen_zug_frauen.jpg;Target;Die Laborassistenten boxen im Zug.;;;gen_masc;women;38
TS_laborassistenten_boxen_zug_männer.jpg;Target;Die Laborassistenten boxen im Zug.;;;gen_masc;men;38
TS_laborassistenten_boxen_zug_gemischt.jpg;Target;Die Laborassistenten boxen im Zug.;;;gen_masc;mixed;38
TS_laborassistenten_boxen_zug_frauen.jpg;Target;Die Laborassistent*innen boxen im Zug.;;;gen_star;women;38
TS_laborassistenten_boxen_zug_männer.jpg;Target;Die Laborassistent*innen boxen im Zug.;;;gen_star;men;38
TS_laborassistenten_boxen_zug_gemischt.jpg;Target;Die Laborassistent*innen boxen im Zug.;;;gen_star;mixed;38
TS_maler_essen_zoo_frauen.jpg;Target;Die Maler essen im Zoo.;;;gen_masc;women;39
TS_maler_essen_zoo_männer.jpg;Target;Die Maler essen im Zoo.;;;gen_masc;men;39
TS_maler_essen_zoo_gemischt.jpg;Target;Die Maler essen im Zoo.;;;gen_masc;mixed;39
TS_maler_essen_zoo_frauen.jpg;Target;Die Maler*innen essen im Zoo.;;;gen_star;women;39
TS_maler_essen_zoo_männer.jpg;Target;Die Maler*innen essen im Zoo.;;;gen_star;men;39
TS_maler_essen_zoo_gemischt.jpg;Target;Die Maler*innen essen im Zoo.;;;gen_star;mixed;39
TS_musiker_sitzen_supermarkt_frauen.jpg;Target;Die Musiker sitzen im Supermarkt.;;;gen_masc;women;40
TS_musiker_sitzen_supermarkt_männer.jpg;Target;Die Musiker sitzen im Supermarkt.;;;gen_masc;men;40
TS_musiker_sitzen_supermarkt_gemischt.jpg;Target;Die Musiker sitzen im Supermarkt.;;;gen_masc;mixed;40
TS_musiker_sitzen_supermarkt_frauen.jpg;Target;Die Musiker*innen sitzen im Supermarkt.;;;gen_star;women;40
TS_musiker_sitzen_supermarkt_männer.jpg;Target;Die Musiker*innen sitzen im Supermarkt.;;;gen_star;men;40
TS_musiker_sitzen_supermarkt_gemischt.jpg;Target;Die Musiker*innen sitzen im Supermarkt.;;;gen_star;mixed;40
TS_schwimmer_schach_bahnhof_frauen.jpg;Target;Die Schwimmer spielen Schach im Bahnhof.;;;gen_masc;women;41
TS_schwimmer_schach_bahnhof_männer.jpg;Target;Die Schwimmer spielen Schach im Bahnhof.;;;gen_masc;men;41
TS_schwimmer_schach_bahnhof_gemischt.jpg;Target;Die Schwimmer spielen Schach im Bahnhof.;;;gen_masc;mixed;41
TS_schwimmer_schach_bahnhof_frauen.jpg;Target;Die Schwimmer*innen spielen Schach im Bahnhof.;;;gen_star;women;41
TS_schwimmer_schach_bahnhof_männer.jpg;Target;Die Schwimmer*innen spielen Schach im Bahnhof.;;;gen_star;men;41
TS_schwimmer_schach_bahnhof_gemischt.jpg;Target;Die Schwimmer*innen spielen Schach im Bahnhof.;;;gen_star;mixed;41
TS_sportler_kaffeetrinken_bibliothek_frauen.jpg;Target;Die Sportler trinken Kaffee in der Bibliothek.;;;gen_masc;women;42
TS_sportler_kaffeetrinken_bibliothek_männer.jpg;Target;Die Sportler trinken Kaffee in der Bibliothek.;;;gen_masc;men;42
TS_sportler_kaffeetrinken_bibliothek_gemischt.jpg;Target;Die Sportler trinken Kaffee in der Bibliothek.;;;gen_masc;mixed;42
TS_sportler_kaffeetrinken_bibliothek_frauen.jpg;Target;Die Sportler*innen trinken Kaffee in der Bibliothek.;;;gen_star;women;42
TS_sportler_kaffeetrinken_bibliothek_männer.jpg;Target;Die Sportler*innen trinken Kaffee in der Bibliothek.;;;gen_star;men;42
TS_sportler_kaffeetrinken_bibliothek_gemischt.jpg;Target;Die Sportler*innen trinken Kaffee in der Bibliothek.;;;gen_star;mixed;42
TS_sportler_lesen_vulkan_frauen.jpg;Target;Die Sportler lesen vor dem Vulkan.;;;gen_masc;women;43
TS_sportler_lesen_vulkan_männer.jpg;Target;Die Sportler lesen vor dem Vulkan.;;;gen_masc;men;43
TS_sportler_lesen_vulkan_gemischt.jpg;Target;Die Sportler lesen vor dem Vulkan.;;;gen_masc;mixed;43
TS_sportler_lesen_vulkan_frauen.jpg;Target;Die Sportler*innen lesen vor dem Vulkan.;;;gen_star;women;43
TS_sportler_lesen_vulkan_männer.jpg;Target;Die Sportler*innen lesen vor dem Vulkan.;;;gen_star;men;43
TS_sportler_lesen_vulkan_gemischt.jpg;Target;Die Sportler*innen lesen vor dem Vulkan.;;;gen_star;mixed;43
TS_sportler_kaffeetrinken_burg_frauen.jpg;Target;Die Sportler trinken Kaffee vor der Burg.;;;gen_masc;women;44
TS_sportler_kaffeetrinken_burg_männer.jpg;Target;Die Sportler trinken Kaffee vor der Burg.;;;gen_masc;men;44
TS_sportler_kaffeetrinken_burg_gemischt.jpg;Target;Die Sportler trinken Kaffee vor der Burg.;;;gen_masc;mixed;44
TS_sportler_kaffeetrinken_burg_frauen.jpg;Target;Die Sportler*innen trinken Kaffee vor der Burg.;;;gen_star;women;44
TS_sportler_kaffeetrinken_burg_männer.jpg;Target;Die Sportler*innen trinken Kaffee vor der Burg.;;;gen_star;men;44
TS_sportler_kaffeetrinken_burg_gemischt.jpg;Target;Die Sportler*innen trinken Kaffee vor der Burg.;;;gen_star;mixed;44
TS_astronauten_boxen_supermarkt_frauen.jpg;Target;Die Astronauten boxen im Supermarkt.;;;gen_masc;women;45
TS_astronauten_boxen_supermarkt_männer.jpg;Target;Die Astronauten boxen im Supermarkt.;;;gen_masc;men;45
TS_astronauten_boxen_supermarkt_gemischt.jpg;Target;Die Astronauten boxen im Supermarkt.;;;gen_masc;mixed;45
TS_astronauten_boxen_supermarkt_frauen.jpg;Target;Die Astronaut*innen boxen im Supermarkt.;;;gen_star;women;45
TS_astronauten_boxen_supermarkt_männer.jpg;Target;Die Astronaut*innen boxen im Supermarkt.;;;gen_star;men;45
TS_astronauten_boxen_supermarkt_gemischt.jpg;Target;Die Astronaut*innen boxen im Supermarkt.;;;gen_star;mixed;45
FS_astronauten_laufen_bahnhof_frauen.jpg;Filler;Die Astronauten laufen durch den Bahnhof.;Verb;sitzen;gen_masc;women;46
FS_astronauten_laufen_bahnhof_männer.jpg;Filler;Die Astronauten laufen durch den Bahnhof.;Verb;sitzen;gen_masc;men;46
FS_astronauten_laufen_bahnhof_gemischt.jpg;Filler;Die Astronauten laufen durch den Bahnhof.;Verb;sitzen;gen_masc;mixed;46
FS_astronauten_laufen_bahnhof_frauen.jpg;Filler;Die Astronaut*innen laufen durch den Bahnhof.;Verb;sitzen;gen_star;women;46
FS_astronauten_laufen_bahnhof_männer.jpg;Filler;Die Astronaut*innen laufen durch den Bahnhof.;Verb;sitzen;gen_star;men;46
FS_astronauten_laufen_bahnhof_gemischt.jpg;Filler;Die Astronaut*innen laufen durch den Bahnhof.;Verb;sitzen;gen_star;mixed;46
FS_astronauten_schachspielen_burg_frauen.jpg;Filler;Die Astronauten spielen Schach in der Burg.;Personen;Köche;gen_masc;women;47
FS_astronauten_schachspielen_burg_männer.jpg;Filler;Die Astronauten spielen Schach in der Burg.;Personen;Köche;gen_masc;men;47
FS_astronauten_schachspielen_burg_gemischt.jpg;Filler;Die Astronauten spielen Schach in der Burg.;Personen;Köche;gen_masc;mixed;47
FS_astronauten_schachspielen_burg_frauen.jpg;Filler;Die Astronaut*innen spielen Schach in der Burg.;Personen;Köche;gen_star;women;47
FS_astronauten_schachspielen_burg_männer.jpg;Filler;Die Astronaut*innen spielen Schach in der Burg.;Personen;Köche;gen_star;men;47
FS_astronauten_schachspielen_burg_gemischt.jpg;Filler;Die Astronaut*innen spielen Schach in der Burg.;Personen;Köche;gen_star;mixed;47
FS_kellner_essen_bahnhof_frauen.jpg;Filler;Die Kellner essen im Bahnhof.;Personen;Astronauten;gen_masc;women;48
FS_kellner_essen_bahnhof_männer.jpg;Filler;Die Kellner essen im Bahnhof.;Personen;Astronauten;gen_masc;men;48
FS_kellner_essen_bahnhof_gemischt.jpg;Filler;Die Kellner essen im Bahnhof.;Personen;Astronauten;gen_masc;mixed;48
FS_kellner_essen_bahnhof_frauen.jpg;Filler;Die Kellner*innen essen im Bahnhof.;Personen;Astronauten;gen_star;women;48
FS_kellner_essen_bahnhof_männer.jpg;Filler;Die Kellner*innen essen im Bahnhof.;Personen;Astronauten;gen_star;men;48
FS_kellner_essen_bahnhof_gemischt.jpg;Filler;Die Kellner*innen essen im Bahnhof.;Personen;Astronauten;gen_star;mixed;48
FS_kellner_liegen_supermarkt_frauen.jpg;Filler;Die Kellner liegen im Supermarkt.;Verb;laufen;gen_masc;women;49
FS_kellner_liegen_supermarkt_männer.jpg;Filler;Die Kellner liegen im Supermarkt.;Verb;laufen;gen_masc;men;49
FS_kellner_liegen_supermarkt_gemischt.jpg;Filler;Die Kellner liegen im Supermarkt.;Verb;laufen;gen_masc;mixed;49
FS_kellner_liegen_supermarkt_frauen.jpg;Filler;Die Kellner*innen liegen im Supermarkt.;Verb;laufen;gen_star;women;49
FS_kellner_liegen_supermarkt_männer.jpg;Filler;Die Kellner*innen liegen im Supermarkt.;Verb;laufen;gen_star;men;49
FS_kellner_liegen_supermarkt_gemischt.jpg;Filler;Die Kellner*innen liegen im Supermarkt.;Verb;laufen;gen_star;mixed;49
FS_kellner_sitzen_brunnen_frauen.jpg;Filler;Die Kellner sitzen vor dem Brunnen.;Personen;Astronauten;gen_masc;women;50
FS_kellner_sitzen_brunnen_männer.jpg;Filler;Die Kellner sitzen vor dem Brunnen.;Personen;Astronauten;gen_masc;men;50
FS_kellner_sitzen_brunnen_gemischt.jpg;Filler;Die Kellner sitzen vor dem Brunnen.;Personen;Astronauten;gen_masc;mixed;50
FS_kellner_sitzen_brunnen_frauen.jpg;Filler;Die Kellner*innen sitzen vor dem Brunnen.;Personen;Astronauten;gen_star;women;50
FS_kellner_sitzen_brunnen_männer.jpg;Filler;Die Kellner*innen sitzen vor dem Brunnen.;Personen;Astronauten;gen_star;men;50
FS_kellner_sitzen_brunnen_gemischt.jpg;Filler;Die Kellner*innen sitzen vor dem Brunnen.;Personen;Astronauten;gen_star;mixed;50
FS_kinobesucher_laufen_vulkan_frauen.jpg;Filler;Die Kinobesucher laufen vor dem Vulkan.;Personen;Laborassistenten;gen_masc;women;51
FS_kinobesucher_laufen_vulkan_männer.jpg;Filler;Die Kinobesucher laufen vor dem Vulkan.;Personen;Laborassistenten;gen_masc;men;51
FS_kinobesucher_laufen_vulkan_gemischt.jpg;Filler;Die Kinobesucher laufen vor dem Vulkan.;Personen;Laborassistenten;gen_masc;mixed;51
FS_kinobesucher_laufen_vulkan_frauen.jpg;Filler;Die Kinobesucher*innen laufen vor dem Vulkan.;Personen;Laborassistenten;gen_star;women;51
FS_kinobesucher_laufen_vulkan_männer.jpg;Filler;Die Kinobesucher*innen laufen vor dem Vulkan.;Personen;Laborassistenten;gen_star;men;51
FS_kinobesucher_laufen_vulkan_gemischt.jpg;Filler;Die Kinobesucher*innen laufen vor dem Vulkan.;Personen;Laborassistenten;gen_star;mixed;51
FS_kinobesucher_schachspielen_flugzeug_frauen.jpg;Filler;Die Kinobesucher spielen Schach im Flugzeug.;Personen;Laborassistenten;gen_masc;women;52
FS_kinobesucher_schachspielen_flugzeug_männer.jpg;Filler;Die Kinobesucher spielen Schach im Flugzeug.;Personen;Laborassistenten;gen_masc;men;52
FS_kinobesucher_schachspielen_flugzeug_gemischt.jpg;Filler;Die Kinobesucher spielen Schach im Flugzeug.;Personen;Laborassistenten;gen_masc;mixed;52
FS_kinobesucher_schachspielen_flugzeug_frauen.jpg;Filler;Die Kinobesucher*innen spielen Schach im Flugzeug.;Personen;Laborassistenten;gen_star;women;52
FS_kinobesucher_schachspielen_flugzeug_männer.jpg;Filler;Die Kinobesucher*innen spielen Schach im Flugzeug.;Personen;Laborassistenten;gen_star;men;52
FS_kinobesucher_schachspielen_flugzeug_gemischt.jpg;Filler;Die Kinobesucher*innen spielen Schach im Flugzeug.;Personen;Laborassistenten;gen_star;mixed;52
FS_kinobesucher_seilspringen_zug_frauen.jpg;Filler;Die Kinobesucher springen Seil im Zug.;Verb;Schach spielen;gen_masc;women;53
FS_kinobesucher_seilspringen_zug_männer.jpg;Filler;Die Kinobesucher springen Seil im Zug.;Verb;Schach spielen;gen_masc;men;53
FS_kinobesucher_seilspringen_zug_gemischt.jpg;Filler;Die Kinobesucher springen Seil im Zug.;Verb;Schach spielen;gen_masc;mixed;53
FS_kinobesucher_seilspringen_zug_frauen.jpg;Filler;Die Kinobesucher*innen springen Seil im Zug.;Verb;Schach spielen;gen_star;women;53
FS_kinobesucher_seilspringen_zug_männer.jpg;Filler;Die Kinobesucher*innen springen Seil im Zug.;Verb;Schach spielen;gen_star;men;53
FS_kinobesucher_seilspringen_zug_gemischt.jpg;Filler;Die Kinobesucher*innen springen Seil im Zug.;Verb;Schach spielen;gen_star;mixed;53
FS_köche_essen_flugzeug_frauen.jpg;Filler;Die Köche essen im Flugzeug.;Personen;Kinobesucher;gen_masc;women;54
FS_köche_essen_flugzeug_männer.jpg;Filler;Die Köche essen im Flugzeug.;Personen;Kinobesucher;gen_masc;men;54
FS_köche_essen_flugzeug_gemischt.jpg;Filler;Die Köche essen im Flugzeug.;Personen;Kinobesucher;gen_masc;mixed;54
FS_köche_essen_flugzeug_frauen.jpg;Filler;Die Köch*innen essen im Flugzeug.;Personen;Kinobesucher;gen_star;women;54
FS_köche_essen_flugzeug_männer.jpg;Filler;Die Köch*innen essen im Flugzeug.;Personen;Kinobesucher;gen_star;men;54
FS_köche_essen_flugzeug_gemischt.jpg;Filler;Die Köch*innen essen im Flugzeug.;Personen;Kinobesucher;gen_star;mixed;54
FS_köche_kaffeetrinken_zoo_frauen.jpg;Filler;Die Köche trinken Kaffee im Zoo.;Personen;Sportler;gen_masc;women;55
FS_köche_kaffeetrinken_zoo_männer.jpg;Filler;Die Köche trinken Kaffee im Zoo.;Personen;Sportler;gen_masc;men;55
FS_köche_kaffeetrinken_zoo_gemischt.jpg;Filler;Die Köche trinken Kaffee im Zoo.;Personen;Sportler;gen_masc;mixed;55
FS_köche_kaffeetrinken_zoo_frauen.jpg;Filler;Die Köch*innen trinken Kaffee im Zoo.;Personen;Sportler;gen_star;women;55
FS_köche_kaffeetrinken_zoo_männer.jpg;Filler;Die Köch*innen trinken Kaffee im Zoo.;Personen;Sportler;gen_star;men;55
FS_köche_kaffeetrinken_zoo_gemischt.jpg;Filler;Die Köch*innen trinken Kaffee im Zoo.;Personen;Sportler;gen_star;mixed;55
FS_köche_seilspringen_bahnhof_frauen.jpg;Filler;Die Köche springen Seil im Bahnhof.;Personen;Astronauten;gen_masc;women;56
FS_köche_seilspringen_bahnhof_männer.jpg;Filler;Die Köche springen Seil im Bahnhof.;Personen;Astronauten;gen_masc;men;56
FS_köche_seilspringen_bahnhof_gemischt.jpg;Filler;Die Köche springen Seil im Bahnhof.;Personen;Astronauten;gen_masc;mixed;56
FS_köche_seilspringen_bahnhof_frauen.jpg;Filler;Die Köch*innen springen Seil im Bahnhof.;Personen;Astronauten;gen_star;women;56
FS_köche_seilspringen_bahnhof_männer.jpg;Filler;Die Köch*innen springen Seil im Bahnhof.;Personen;Astronauten;gen_star;men;56
FS_köche_seilspringen_bahnhof_gemischt.jpg;Filler;Die Köch*innen springen Seil im Bahnhof.;Personen;Astronauten;gen_star;mixed;56
FS_laborassistenten_essen_brunnen_frauen.jpg;Filler;Die Laborassistenten essen vor einem Brunnen.;Ort;Vulkan;gen_masc;women;57
FS_laborassistenten_essen_brunnen_männer.jpg;Filler;Die Laborassistenten essen vor einem Brunnen.;Ort;Vulkan;gen_masc;men;57
FS_laborassistenten_essen_brunnen_gemischt.jpg;Filler;Die Laborassistenten essen vor einem Brunnen.;Ort;Vulkan;gen_masc;mixed;57
FS_laborassistenten_essen_brunnen_frauen.jpg;Filler;Die Laborassistent*innen essen vor einem Brunnen.;Ort;Vulkan;gen_star;women;57
FS_laborassistenten_essen_brunnen_männer.jpg;Filler;Die Laborassistent*innen essen vor einem Brunnen.;Ort;Vulkan;gen_star;men;57
FS_laborassistenten_essen_brunnen_gemischt.jpg;Filler;Die Laborassistent*innen essen vor einem Brunnen.;Ort;Vulkan;gen_star;mixed;57
FS_laborassistenten_kaffeetrinken_supermarkt_frauen.jpg;Filler;Die Laborassistenten trinken Kaffe im Supermarkt.;Personen;Schwimmer;gen_masc;women;58
FS_laborassistenten_kaffeetrinken_supermarkt_männer.jpg;Filler;Die Laborassistenten trinken Kaffe im Supermarkt.;Personen;Schwimmer;gen_masc;men;58
FS_laborassistenten_kaffeetrinken_supermarkt_gemischt.jpg;Filler;Die Laborassistenten trinken Kaffe im Supermarkt.;Personen;Schwimmer;gen_masc;mixed;58
FS_laborassistenten_kaffeetrinken_supermarkt_frauen.jpg;Filler;Die Laborassistent*innen trinken Kaffe im Supermarkt.;Personen;Schwimmer;gen_star;women;58
FS_laborassistenten_kaffeetrinken_supermarkt_männer.jpg;Filler;Die Laborassistent*innen trinken Kaffe im Supermarkt.;Personen;Schwimmer;gen_star;men;58
FS_laborassistenten_kaffeetrinken_supermarkt_gemischt.jpg;Filler;Die Laborassistent*innen trinken Kaffe im Supermarkt.;Personen;Schwimmer;gen_star;mixed;58
FS_laborassistenten_lesen_bahnhof_frauen.jpg;Filler;Die Laborassistenten lesen im Bahnhof.;Verb;liegen;gen_masc;women;59
FS_laborassistenten_lesen_bahnhof_männer.jpg;Filler;Die Laborassistenten lesen im Bahnhof.;Verb;liegen;gen_masc;men;59
FS_laborassistenten_lesen_bahnhof_gemischt.jpg;Filler;Die Laborassistenten lesen im Bahnhof.;Verb;liegen;gen_masc;mixed;59
FS_laborassistenten_lesen_bahnhof_frauen.jpg;Filler;Die Laborassistent*innen lesen im Bahnhof.;Verb;liegen;gen_star;women;59
FS_laborassistenten_lesen_bahnhof_männer.jpg;Filler;Die Laborassistent*innen lesen im Bahnhof.;Verb;liegen;gen_star;men;59
FS_laborassistenten_lesen_bahnhof_gemischt.jpg;Filler;Die Laborassistent*innen lesen im Bahnhof.;Verb;liegen;gen_star;mixed;59
FS_laborassistenten_liegen_zoo_frauen.jpg;Filler;Die Laborassistenten liegen im Zoo.;Personen;Maler;gen_masc;women;60
FS_laborassistenten_liegen_zoo_männer.jpg;Filler;Die Laborassistenten liegen im Zoo.;Personen;Maler;gen_masc;men;60
FS_laborassistenten_liegen_zoo_gemischt.jpg;Filler;Die Laborassistenten liegen im Zoo.;Personen;Maler;gen_masc;mixed;60
FS_laborassistenten_liegen_zoo_frauen.jpg;Filler;Die Laborassistent*innen liegen im Zoo.;Personen;Maler;gen_star;women;60
FS_laborassistenten_liegen_zoo_männer.jpg;Filler;Die Laborassistent*innen liegen im Zoo.;Personen;Maler;gen_star;men;60
FS_laborassistenten_liegen_zoo_gemischt.jpg;Filler;Die Laborassistent*innen liegen im Zoo.;Personen;Maler;gen_star;mixed;60
FS_maler_boxen_burg_frauen.jpg;Filler;Die Maler boxen in einer Burg.;Verb;lesen;gen_masc;women;61
FS_maler_boxen_burg_männer.jpg;Filler;Die Maler boxen in einer Burg.;Verb;lesen;gen_masc;men;61
FS_maler_boxen_burg_gemischt.jpg;Filler;Die Maler boxen in einer Burg.;Verb;lesen;gen_masc;mixed;61
FS_maler_boxen_burg_frauen.jpg;Filler;Die Maler*innen boxen in einer Burg.;Verb;lesen;gen_star;women;61
FS_maler_boxen_burg_männer.jpg;Filler;Die Maler*innen boxen in einer Burg.;Verb;lesen;gen_star;men;61
FS_maler_boxen_burg_gemischt.jpg;Filler;Die Maler*innen boxen in einer Burg.;Verb;lesen;gen_star;mixed;61
FS_maler_laufen_zug_frauen.jpg;Filler;Die Maler laufen durch den Zug.;Verb;sitzen;gen_masc;women;62
FS_maler_laufen_zug_männer.jpg;Filler;Die Maler laufen durch den Zug.;Verb;sitzen;gen_masc;men;62
FS_maler_laufen_zug_gemischt.jpg;Filler;Die Maler laufen durch den Zug.;Verb;sitzen;gen_masc;mixed;62
FS_maler_laufen_zug_frauen.jpg;Filler;Die Maler*innen laufen durch den Zug.;Verb;sitzen;gen_star;women;62
FS_maler_laufen_zug_männer.jpg;Filler;Die Maler*innen laufen durch den Zug.;Verb;sitzen;gen_star;men;62
FS_maler_laufen_zug_gemischt.jpg;Filler;Die Maler*innen laufen durch den Zug.;Verb;sitzen;gen_star;mixed;62
FS_maler_liegen_flugzeug_frauen.jpg;Filler;Die Maler liegen im Flugzeug.;Verb;laufen;gen_masc;women;63
FS_maler_liegen_flugzeug_männer.jpg;Filler;Die Maler liegen im Flugzeug.;Verb;laufen;gen_masc;men;63
FS_maler_liegen_flugzeug_gemischt.jpg;Filler;Die Maler liegen im Flugzeug.;Verb;laufen;gen_masc;mixed;63
FS_maler_liegen_flugzeug_frauen.jpg;Filler;Die Maler*innen liegen im Flugzeug.;Verb;laufen;gen_star;women;63
FS_maler_liegen_flugzeug_männer.jpg;Filler;Die Maler*innen liegen im Flugzeug.;Verb;laufen;gen_star;men;63
FS_maler_liegen_flugzeug_gemischt.jpg;Filler;Die Maler*innen liegen im Flugzeug.;Verb;laufen;gen_star;mixed;63
FS_maler_sitzen_vulkan_frauen.jpg;Filler;Die Maler sitzen vor einem Vulkan.;Personen;Astronauten;gen_masc;women;64
FS_maler_sitzen_vulkan_männer.jpg;Filler;Die Maler sitzen vor einem Vulkan.;Personen;Astronauten;gen_masc;men;64
FS_maler_sitzen_vulkan_gemischt.jpg;Filler;Die Maler sitzen vor einem Vulkan.;Personen;Astronauten;gen_masc;mixed;64
FS_maler_sitzen_vulkan_frauen.jpg;Filler;Die Maler*innen sitzen vor einem Vulkan.;Personen;Astronauten;gen_star;women;64
FS_maler_sitzen_vulkan_männer.jpg;Filler;Die Maler*innen sitzen vor einem Vulkan.;Personen;Astronauten;gen_star;men;64
FS_maler_sitzen_vulkan_gemischt.jpg;Filler;Die Maler*innen sitzen vor einem Vulkan.;Personen;Astronauten;gen_star;mixed;64
FS_musiker_laufen_zoo_frauen.jpg;Filler;Die Musiker laufen durch den Zoo.;Verb;seilspringen;gen_masc;women;65
FS_musiker_laufen_zoo_männer.jpg;Filler;Die Musiker laufen durch den Zoo.;Verb;seilspringen;gen_masc;men;65
FS_musiker_laufen_zoo_gemischt.jpg;Filler;Die Musiker laufen durch den Zoo.;Verb;seilspringen;gen_masc;mixed;65
FS_musiker_laufen_zoo_frauen.jpg;Filler;Die Musiker*innen laufen durch den Zoo.;Verb;seilspringen;gen_star;women;65
FS_musiker_laufen_zoo_männer.jpg;Filler;Die Musiker*innen laufen durch den Zoo.;Verb;seilspringen;gen_star;men;65
FS_musiker_laufen_zoo_gemischt.jpg;Filler;Die Musiker*innen laufen durch den Zoo.;Verb;seilspringen;gen_star;mixed;65
FS_musiker_lesen_bibliothek_frauen.jpg;Filler;Die Musiker lesen in der Bibliothek.;Verb;essen;gen_masc;women;66
FS_musiker_lesen_bibliothek_männer.jpg;Filler;Die Musiker lesen in der Bibliothek.;Verb;essen;gen_masc;men;66
FS_musiker_lesen_bibliothek_gemischt.jpg;Filler;Die Musiker lesen in der Bibliothek.;Verb;essen;gen_masc;mixed;66
FS_musiker_lesen_bibliothek_frauen.jpg;Filler;Die Musiker*innen lesen in der Bibliothek.;Verb;essen;gen_star;women;66
FS_musiker_lesen_bibliothek_männer.jpg;Filler;Die Musiker*innen lesen in der Bibliothek.;Verb;essen;gen_star;men;66
FS_musiker_lesen_bibliothek_gemischt.jpg;Filler;Die Musiker*innen lesen in der Bibliothek.;Verb;essen;gen_star;mixed;66
FS_schwimmer_kaffeetrinken_vulkan_frauen.jpg;Filler;Die Schwimmer trinken Kaffee vor einem Vulkan.;Verb;lesen;gen_masc;women;67
FS_schwimmer_kaffeetrinken_vulkan_männer.jpg;Filler;Die Schwimmer trinken Kaffee vor einem Vulkan.;Verb;lesen;gen_masc;men;67
FS_schwimmer_kaffeetrinken_vulkan_gemischt.jpg;Filler;Die Schwimmer trinken Kaffee vor einem Vulkan.;Verb;lesen;gen_masc;mixed;67
FS_schwimmer_kaffeetrinken_vulkan_frauen.jpg;Filler;Die Schwimmer*innen trinken Kaffee vor einem Vulkan.;Verb;lesen;gen_star;women;67
FS_schwimmer_kaffeetrinken_vulkan_männer.jpg;Filler;Die Schwimmer*innen trinken Kaffee vor einem Vulkan.;Verb;lesen;gen_star;men;67
FS_schwimmer_kaffeetrinken_vulkan_gemischt.jpg;Filler;Die Schwimmer*innen trinken Kaffee vor einem Vulkan.;Verb;lesen;gen_star;mixed;67
FS_schwimmer_seilspringen_zoo_frauen.jpg;Filler;Die Schwimmer springen Seil im Zoo.;Ort;Bibliothek;gen_masc;women;68
FS_schwimmer_seilspringen_zoo_männer.jpg;Filler;Die Schwimmer springen Seil im Zoo.;Ort;Bibliothek;gen_masc;men;68
FS_schwimmer_seilspringen_zoo_gemischt.jpg;Filler;Die Schwimmer springen Seil im Zoo.;Ort;Bibliothek;gen_masc;mixed;68
FS_schwimmer_seilspringen_zoo_frauen.jpg;Filler;Die Schwimmer*innen springen Seil im Zoo.;Ort;Bibliothek;gen_star;women;68
FS_schwimmer_seilspringen_zoo_männer.jpg;Filler;Die Schwimmer*innen springen Seil im Zoo.;Ort;Bibliothek;gen_star;men;68
FS_schwimmer_seilspringen_zoo_gemischt.jpg;Filler;Die Schwimmer*innen springen Seil im Zoo.;Ort;Bibliothek;gen_star;mixed;68
FS_sportler_sitzen_bahnhof_frauen.jpg;Filler;Die Sportler sitzen im Bahnhof.;Verb;laufen;gen_masc;women;69
FS_sportler_sitzen_bahnhof_männer.jpg;Filler;Die Sportler sitzen im Bahnhof.;Verb;laufen;gen_masc;men;69
FS_sportler_sitzen_bahnhof_gemischt.jpg;Filler;Die Sportler sitzen im Bahnhof.;Verb;laufen;gen_masc;mixed;69
FS_sportler_sitzen_bahnhof_frauen.jpg;Filler;Die Sportler*innen sitzen im Bahnhof.;Verb;laufen;gen_star;women;69
FS_sportler_sitzen_bahnhof_männer.jpg;Filler;Die Sportler*innen sitzen im Bahnhof.;Verb;laufen;gen_star;men;69
FS_sportler_sitzen_bahnhof_gemischt.jpg;Filler;Die Sportler*innen sitzen im Bahnhof.;Verb;laufen;gen_star;mixed;69
FS_musiker_seilspringen_vulkan_frauen.jpg;Filler;Die Musiker springen Seil vor dem Vulkan. ;Ort;Bibliothek;gen_masc;women;70
FS_musiker_seilspringen_vulkan_männer.jpg;Filler;Die Musiker springen Seil vor dem Vulkan. ;Ort;Bibliothek;gen_masc;men;70
FS_musiker_seilspringen_vulkan_gemischt.jpg;Filler;Die Musiker springen Seil vor dem Vulkan. ;Ort;Bibliothek;gen_masc;mixed;70
FS_musiker_seilspringen_vulkan_frauen.jpg;Filler;Die Musiker*innen springen Seil vor dem Vulkan.;Ort;Bibliothek;gen_star;women;70
FS_musiker_seilspringen_vulkan_männer.jpg;Filler;Die Musiker*innen springen Seil vor dem Vulkan.;Ort;Bibliothek;gen_star;men;70
FS_musiker_seilspringen_vulkan_gemischt.jpg;Filler;Die Musiker*innen springen Seil vor dem Vulkan.;Ort;Bibliothek;gen_star;mixed;70
FS_musiker_boxen_flugzeug_frauen.jpg;Filler;Die Musiker boxen im Flugzeug.;Ort;Zoo;gen_masc;women;71
FS_musiker_boxen_flugzeug_männer.jpg;Filler;Die Musiker boxen im Flugzeug.;Ort;Zoo;gen_masc;men;71
FS_musiker_boxen_flugzeug_gemischt.jpg;Filler;Die Musiker boxen im Flugzeug.;Ort;Zoo;gen_masc;mixed;71
FS_musiker_boxen_flugzeug_frauen.jpg;Filler;Die Musiker*innen boxen im Flugzeug.;Ort;Zoo;gen_star;women;71
FS_musiker_boxen_flugzeug_männer.jpg;Filler;Die Musiker*innen boxen im Flugzeug.;Ort;Zoo;gen_star;men;71
FS_musiker_boxen_flugzeug_gemischt.jpg;Filler;Die Musiker*innen boxen im Flugzeug.;Ort;Zoo;gen_star;mixed;71
FS_maler_schachspielen_bibliothek_frauen.jpg;Filler;Die Maler spielen Schach in der Bibliothek.;Personen;Sportler;gen_masc;women;72
FS_maler_schachspielen_bibliothek_männer.jpg;Filler;Die Maler spielen Schach in der Bibliothek.;Personen;Sportler;gen_masc;men;72
FS_maler_schachspielen_bibliothek_gemischt.jpg;Filler;Die Maler spielen Schach in der Bibliothek.;Personen;Sportler;gen_masc;mixed;72
FS_maler_schachspielen_bibliothek_frauen.jpg;Filler;Die Maler*innen spielen Schach in der Bibliothek.;Personen;Sportler;gen_star;women;72
FS_maler_schachspielen_bibliothek_männer.jpg;Filler;Die Maler*innen spielen Schach in der Bibliothek.;Personen;Sportler;gen_star;men;72
FS_maler_schachspielen_bibliothek_gemischt.jpg;Filler;Die Maler*innen spielen Schach in der Bibliothek.;Personen;Sportler;gen_star;mixed;72
FS_kinobesucher_essen_brunnen_frauen.jpg;Filler;Die Kinobesucher essen vor dem Brunnen.;Ort;Vulkan;gen_masc;women;73
FS_kinobesucher_essen_brunnen_männer.jpg;Filler;Die Kinobesucher essen vor dem Brunnen.;Ort;Vulkan;gen_masc;men;73
FS_kinobesucher_essen_brunnen_gemischt.jpg;Filler;Die Kinobesucher essen vor dem Brunnen.;Ort;Vulkan;gen_masc;mixed;73
FS_kinobesucher_essen_brunnen_frauen.jpg;Filler;Die Kinobesucher*innen essen vor dem Brunnen.;Ort;Vulkan;gen_star;women;73
FS_kinobesucher_essen_brunnen_männer.jpg;Filler;Die Kinobesucher*innen essen vor dem Brunnen.;Ort;Vulkan;gen_star;men;73
FS_kinobesucher_essen_brunnen_gemischt.jpg;Filler;Die Kinobesucher*innen essen vor dem Brunnen.;Ort;Vulkan;gen_star;mixed;73
FS_köche_lesen_brunnen_frauen.jpg;Filler;Die Köche lesen vor dem Brunnen.;Ort;Vulkan;gen_masc;women;74
FS_köche_lesen_brunnen_männer.jpg;Filler;Die Köche lesen vor dem Brunnen.;Ort;Vulkan;gen_masc;men;74
FS_köche_lesen_brunnen_gemischt.jpg;Filler;Die Köche lesen vor dem Brunnen.;Ort;Vulkan;gen_masc;mixed;74
FS_köche_lesen_brunnen_frauen.jpg;Filler;Die Köch*innen lesen vor dem Brunnen.;Ort;Vulkan;gen_star;women;74
FS_köche_lesen_brunnen_männer.jpg;Filler;Die Köch*innen lesen vor dem Brunnen.;Ort;Vulkan;gen_star;men;74
FS_köche_lesen_brunnen_gemischt.jpg;Filler;Die Köch*innen lesen vor dem Brunnen.;Ort;Vulkan;gen_star;mixed;74
FS_schwimmer_lesen_flugzeug_frauen.jpg;Filler;Die Schwimmer lesen im Flugzeug.;Ort;Supermarkt;gen_masc;women;75
FS_schwimmer_lesen_flugzeug_männer.jpg;Filler;Die Schwimmer lesen im Flugzeug.;Ort;Supermarkt;gen_masc;men;75
FS_schwimmer_lesen_flugzeug_gemischt.jpg;Filler;Die Schwimmer lesen im Flugzeug.;Ort;Supermarkt;gen_masc;mixed;75
FS_schwimmer_lesen_flugzeug_frauen.jpg;Filler;Die Schwimmer*innen lesen im Flugzeug. ;Ort;Supermarkt;gen_star;women;75
FS_schwimmer_lesen_flugzeug_männer.jpg;Filler;Die Schwimmer*innen lesen im Flugzeug. ;Ort;Supermarkt;gen_star;men;75
FS_schwimmer_lesen_flugzeug_gemischt.jpg;Filler;Die Schwimmer*innen lesen im Flugzeug. ;Ort;Supermarkt;gen_star;mixed;75
FS_astronauten_laufen_flugzeug_frauen.jpg;Filler;Die Astronauten laufen im Flugzeug.;Verb;sitzen;gen_masc;women;76
FS_astronauten_laufen_flugzeug_männer.jpg;Filler;Die Astronauten laufen im Flugzeug.;Verb;sitzen;gen_masc;men;76
FS_astronauten_laufen_flugzeug_gemischt.jpg;Filler;Die Astronauten laufen im Flugzeug.;Verb;sitzen;gen_masc;mixed;76
FS_astronauten_laufen_flugzeug_frauen.jpg;Filler;Die Astronaut*innen laufen im Flugzeug.;Verb;sitzen;gen_star;women;76
FS_astronauten_laufen_flugzeug_männer.jpg;Filler;Die Astronaut*innen laufen im Flugzeug.;Verb;sitzen;gen_star;men;76
FS_astronauten_laufen_flugzeug_gemischt.jpg;Filler;Die Astronaut*innen laufen im Flugzeug.;Verb;sitzen;gen_star;mixed;76
FS_astronauten_sitzen_zug_frauen.jpg;Filler;Die Astronauten sitzen im Zug.;Ort;Supermarkt;gen_masc;women;77
FS_astronauten_sitzen_zug_männer.jpg;Filler;Die Astronauten sitzen im Zug.;Ort;Supermarkt;gen_masc;men;77
FS_astronauten_sitzen_zug_gemischt.jpg;Filler;Die Astronauten sitzen im Zug.;Ort;Supermarkt;gen_masc;mixed;77
FS_astronauten_sitzen_zug_frauen.jpg;Filler;Die Astronaut*innen sitzen im Zug.;Ort;Supermarkt;gen_star;women;77
FS_astronauten_sitzen_zug_männer.jpg;Filler;Die Astronaut*innen sitzen im Zug.;Ort;Supermarkt;gen_star;men;77
FS_astronauten_sitzen_zug_gemischt.jpg;Filler;Die Astronaut*innen sitzen im Zug.;Ort;Supermarkt;gen_star;mixed;77
FS_schwimmer_liegen_zoo_frauen.jpg;Filler;Die Schwimmer liegen im Zoo.;Verb;laufen;gen_masc;women;78
FS_schwimmer_liegen_zoo_männer.jpg;Filler;Die Schwimmer liegen im Zoo.;Verb;laufen;gen_masc;men;78
FS_schwimmer_liegen_zoo_gemischt.jpg;Filler;Die Schwimmer liegen im Zoo.;Verb;laufen;gen_masc;mixed;78
FS_schwimmer_liegen_zoo_frauen.jpg;Filler;Die Schwimmer*innen liegen im Zoo.;Verb;laufen;gen_star;women;78
FS_schwimmer_liegen_zoo_männer.jpg;Filler;Die Schwimmer*innen liegen im Zoo.;Verb;laufen;gen_star;men;78
FS_schwimmer_liegen_zoo_gemischt.jpg;Filler;Die Schwimmer*innen liegen im Zoo.;Verb;laufen;gen_star;mixed;78
FS_kellner_kaffeetrinken_burg_frauen.jpg;Filler;Die Kellner trinken Kaffee vor der Burg.;Ort;Brunnen;gen_masc;women;79
FS_kellner_kaffeetrinken_burg_männer.jpg;Filler;Die Kellner trinken Kaffee vor der Burg.;Ort;Brunnen;gen_masc;men;79
FS_kellner_kaffeetrinken_burg_gemischt.jpg;Filler;Die Kellner trinken Kaffee vor der Burg.;Ort;Brunnen;gen_masc;mixed;79
FS_kellner_kaffeetrinken_burg_frauen.jpg;Filler;Die Kellner*innen trinken Kaffee vor der Burg.;Ort;Brunnen;gen_star;women;79
FS_kellner_kaffeetrinken_burg_männer.jpg;Filler;Die Kellner*innen trinken Kaffee vor der Burg.;Ort;Brunnen;gen_star;men;79
FS_kellner_kaffeetrinken_burg_gemischt.jpg;Filler;Die Kellner*innen trinken Kaffee vor der Burg.;Ort;Brunnen;gen_star;mixed;79
FS_köche_seilspringen_supermarkt_frauen.jpg;Filler;Die Köche springen Seil im Supermarkt.;Verb;Schach spielen ;gen_masc;women;80
FS_köche_seilspringen_supermarkt_männer.jpg;Filler;Die Köche springen Seil im Supermarkt.;Verb;Schach spielen ;gen_masc;men;80
FS_köche_seilspringen_supermarkt_gemischt.jpg;Filler;Die Köche springen Seil im Supermarkt.;Verb;Schach spielen ;gen_masc;mixed;80
FS_köche_seilspringen_supermarkt_frauen.jpg;Filler;Die Köch*innen springen Seil im Supermarkt.;Verb;Schach spielen ;gen_star;women;80
FS_köche_seilspringen_supermarkt_männer.jpg;Filler;Die Köch*innen springen Seil im Supermarkt.;Verb;Schach spielen ;gen_star;men;80
FS_köche_seilspringen_supermarkt_gemischt.jpg;Filler;Die Köch*innen springen Seil im Supermarkt.;Verb;Schach spielen ;gen_star;mixed;80
FS_schwimmer_laufen_supermarkt_frauen.jpg;Filler;Die Schwimmer laufen durch den Supermarkt.;Ort;Bahnhof;gen_masc;women;81
FS_schwimmer_laufen_supermarkt_männer.jpg;Filler;Die Schwimmer laufen durch den Supermarkt.;Ort;Bahnhof;gen_masc;men;81
FS_schwimmer_laufen_supermarkt_gemischt.jpg;Filler;Die Schwimmer laufen durch den Supermarkt.;Ort;Bahnhof;gen_masc;mixed;81
FS_schwimmer_laufen_supermarkt_frauen.jpg;Filler;Die Schwimmer*innen laufen durch den Supermarkt.;Ort;Bahnhof;gen_star;women;81
FS_schwimmer_laufen_supermarkt_männer.jpg;Filler;Die Schwimmer*innen laufen durch den Supermarkt.;Ort;Bahnhof;gen_star;men;81
FS_schwimmer_laufen_supermarkt_gemischt.jpg;Filler;Die Schwimmer*innen laufen durch den Supermarkt.;Ort;Bahnhof;gen_star;mixed;81
FS_sportler_essen_zug_frauen.jpg;Filler;Die Sportler essen im Zug.;Personen;Astronauten;gen_masc;women;82
FS_sportler_essen_zug_männer.jpg;Filler;Die Sportler essen im Zug.;Personen;Astronauten;gen_masc;men;82
FS_sportler_essen_zug_gemischt.jpg;Filler;Die Sportler essen im Zug.;Personen;Astronauten;gen_masc;mixed;82
FS_sportler_essen_zug_frauen.jpg;Filler;Die Sportler*innen essen im Zug.;Personen;Astronauten;gen_star;women;82
FS_sportler_essen_zug_männer.jpg;Filler;Die Sportler*innen essen im Zug.;Personen;Astronauten;gen_star;men;82
FS_sportler_essen_zug_gemischt.jpg;Filler;Die Sportler*innen essen im Zug.;Personen;Astronauten;gen_star;mixed;82
FS_sportler_liegen_burg_frauen.jpg;Filler;Die Sportler liegen vor der Burg.;Ort;Supermarkt;gen_masc;women;83
FS_sportler_liegen_burg_männer.jpg;Filler;Die Sportler liegen vor der Burg.;Ort;Supermarkt;gen_masc;men;83
FS_sportler_liegen_burg_gemischt.jpg;Filler;Die Sportler liegen vor der Burg.;Ort;Supermarkt;gen_masc;mixed;83
FS_sportler_liegen_burg_frauen.jpg;Filler;Die Sportler*innen liegen vor der Burg.;Ort;Supermarkt;gen_star;women;83
FS_sportler_liegen_burg_männer.jpg;Filler;Die Sportler*innen liegen vor der Burg.;Ort;Supermarkt;gen_star;men;83
FS_sportler_liegen_burg_gemischt.jpg;Filler;Die Sportler*innen liegen vor der Burg.;Ort;Supermarkt;gen_star;mixed;83
FS_schwimmer_laufen_vulkan_frauen.jpg;Filler;Die Schwimmer laufen über den Vulkan.;Ort;Burg;gen_masc;women;84
FS_schwimmer_laufen_vulkan_männer.jpg;Filler;Die Schwimmer laufen über den Vulkan.;Ort;Burg;gen_masc;men;84
FS_schwimmer_laufen_vulkan_gemischt.jpg;Filler;Die Schwimmer laufen über den Vulkan.;Ort;Burg;gen_masc;mixed;84
FS_schwimmer_laufen_vulkan_frauen.jpg;Filler;Die Schwimmer*innen laufen über den Vulkan.;Ort;Burg;gen_star;women;84
FS_schwimmer_laufen_vulkan_männer.jpg;Filler;Die Schwimmer*innen laufen über den Vulkan.;Ort;Burg;gen_star;men;84
FS_schwimmer_laufen_vulkan_gemischt.jpg;Filler;Die Schwimmer*innen laufen über den Vulkan.;Ort;Burg;gen_star;mixed;84
FS_schwimmer_boxen_brunnen_frauen.jpg;Filler;Die Schwimmer boxen vor dem Brunnen.;Ort;Bibliothek;gen_masc;women;85
FS_schwimmer_boxen_brunnen_männer.jpg;Filler;Die Schwimmer boxen vor dem Brunnen.;Ort;Bibliothek;gen_masc;men;85
FS_schwimmer_boxen_brunnen_gemischt.jpg;Filler;Die Schwimmer boxen vor dem Brunnen.;Ort;Bibliothek;gen_masc;mixed;85
FS_schwimmer_boxen_brunnen_frauen.jpg;Filler;Die Schwimmer*innen boxen vor dem Brunnen.;Ort;Bibliothek;gen_star;women;85
FS_schwimmer_boxen_brunnen_männer.jpg;Filler;Die Schwimmer*innen boxen vor dem Brunnen.;Ort;Bibliothek;gen_star;men;85
FS_schwimmer_boxen_brunnen_gemischt.jpg;Filler;Die Schwimmer*innen boxen vor dem Brunnen.;Ort;Bibliothek;gen_star;mixed;85
FS_musiker_schachspielen_brunnen_frauen.jpg;Filler;Die Musiker spielen Schach vor dem Brunnen.;Ort;Supermarkt;gen_masc;women;86
FS_musiker_schachspielen_brunnen_männer.jpg;Filler;Die Musiker spielen Schach vor dem Brunnen.;Ort;Supermarkt;gen_masc;men;86
FS_musiker_schachspielen_brunnen_gemischt.jpg;Filler;Die Musiker spielen Schach vor dem Brunnen.;Ort;Supermarkt;gen_masc;mixed;86
FS_musiker_schachspielen_brunnen_frauen.jpg;Filler;Die Musiker*innen spielen Schach vor dem Brunnen.;Ort;Supermarkt;gen_star;women;86
FS_musiker_schachspielen_brunnen_männer.jpg;Filler;Die Musiker*innen spielen Schach vor dem Brunnen.;Ort;Supermarkt;gen_star;men;86
FS_musiker_schachspielen_brunnen_gemischt.jpg;Filler;Die Musiker*innen spielen Schach vor dem Brunnen.;Ort;Supermarkt;gen_star;mixed;86
FS_kinobesucher_boxen_bibliothek_frauen.jpg;Filler;Die Kinobesucher boxen vor der Bibliothek.;Ort;Brunnen;gen_masc;women;87
FS_kinobesucher_boxen_bibliothek_männer.jpg;Filler;Die Kinobesucher boxen vor der Bibliothek.;Ort;Brunnen;gen_masc;men;87
FS_kinobesucher_boxen_bibliothek_gemischt.jpg;Filler;Die Kinobesucher boxen vor der Bibliothek.;Ort;Brunnen;gen_masc;mixed;87
FS_kinobesucher_boxen_bibliothek_frauen.jpg;Filler;Die Kinobesucher*innen boxen vor der Bibliothek.;Ort;Brunnen;gen_star;women;87
FS_kinobesucher_boxen_bibliothek_männer.jpg;Filler;Die Kinobesucher*innen boxen vor der Bibliothek.;Ort;Brunnen;gen_star;men;87
FS_kinobesucher_boxen_bibliothek_gemischt.jpg;Filler;Die Kinobesucher*innen boxen vor der Bibliothek.;Ort;Brunnen;gen_star;mixed;87
FS_astronauten_liegen_bibliothek_frauen.jpg;Filler;Die Astronauten liegen in der Bibliothek.;Personen;Sportler;gen_masc;women;88
FS_astronauten_liegen_bibliothek_männer.jpg;Filler;Die Astronauten liegen in der Bibliothek.;Personen;Sportler;gen_masc;men;88
FS_astronauten_liegen_bibliothek_gemischt.jpg;Filler;Die Astronauten liegen in der Bibliothek.;Personen;Sportler;gen_masc;mixed;88
FS_astronauten_liegen_bibliothek_frauen.jpg;Filler;Die Astronaut*innen liegen in der Bibliothek.;Personen;Sportler;gen_star;women;88
FS_astronauten_liegen_bibliothek_männer.jpg;Filler;Die Astronaut*innen liegen in der Bibliothek.;Personen;Sportler;gen_star;men;88
FS_astronauten_liegen_bibliothek_gemischt.jpg;Filler;Die Astronaut*innen liegen in der Bibliothek.;Personen;Sportler;gen_star;mixed;88
FS_sportler_schachspielen_supermarkt_frauen.jpg;Filler;Die Sportler spielen Schach im Supermarkt.;Personen;Kellner;gen_masc;women;89
FS_sportler_schachspielen_supermarkt_männer.jpg;Filler;Die Sportler spielen Schach im Supermarkt.;Personen;Kellner;gen_masc;men;89
FS_sportler_schachspielen_supermarkt_gemischt.jpg;Filler;Die Sportler spielen Schach im Supermarkt.;Personen;Kellner;gen_masc;mixed;89
FS_sportler_schachspielen_supermarkt_frauen.jpg;Filler;Die Sportler*innen spielen Schach im Supermarkt.;Personen;Kellner;gen_star;women;89
FS_sportler_schachspielen_supermarkt_männer.jpg;Filler;Die Sportler*innen spielen Schach im Supermarkt.;Personen;Kellner;gen_star;men;89
FS_sportler_schachspielen_supermarkt_gemischt.jpg;Filler;Die Sportler*innen spielen Schach im Supermarkt.;Personen;Kellner;gen_star;mixed;89
FS_kinobesucher_sitzen_zoo_frauen.jpg;Filler;Die Kinobesucher sitzen im Zoo.;Verb;laufen;gen_masc;women;90
FS_kinobesucher_sitzen_zoo_männer.jpg;Filler;Die Kinobesucher sitzen im Zoo.;Verb;laufen;gen_masc;men;90
FS_kinobesucher_sitzen_zoo_gemischt.jpg;Filler;Die Kinobesucher sitzen im Zoo.;Verb;laufen;gen_masc;mixed;90
FS_kinobesucher_sitzen_zoo_frauen.jpg;Filler;Die Kinobesucher*innen sitzen im Zoo.;Verb;laufen;gen_star;women;90
FS_kinobesucher_sitzen_zoo_männer.jpg;Filler;Die Kinobesucher*innen sitzen im Zoo.;Verb;laufen;gen_star;men;90
FS_kinobesucher_sitzen_zoo_gemischt.jpg;Filler;Die Kinobesucher*innen sitzen im Zoo.;Verb;laufen;gen_star;mixed;90
